title,content,category
Kartáčování srsti,"Pravidelné kartáčování u psa i kočky pomáhá odstraňovat odumřelé chlupy, předchází zacuchání a stimuluje přirozenou tvorbu kožního mazu. Doporučuje se 2–3× týdně, u dlouhosrstých plemen i denně; vybírej kartáč s jemnými, ale pevnými štětinami a vždy začínej od krku směrem k ocasu.",Péče o srst
Ochrana před klíšťaty,"Nejefektivnější prevencí je kombinace obojků s repelentními látkami, kapek na kůži a pravidelných kontrol po venčení. Pro psy i kočky existují speciální pipety, které působí až 8 týdnů. Při procházce v trávě vždy důkladně zkontroluj celou srst, zátylek a podpaží.",Prevence
Bezpečné hračky,"Vyhledávej hračky z odolného kaučuku nebo kvalitního nylonu, které vydrží i kousání. Vyhni se hračkám s malými plastovými díly, které by mohl mazlíček spolknout. Pro duševní stimulaci vybírej hlavolamy a hračky s úkrytem pamlsků.",Zábava
Duševní stimulace,"Psi i kočky potřebují mentální výzvy: nauč je jednoduché triky, schovávej pamlsky v interaktivních hračkách, pořádej krátké společné ‘kurzy poslušnosti’. Pro kočky je vhodná škrabadla s různou výškou a úkryty, pro psy pastevecké míčky a agilitní překážky.",Behaviorální péče
Zvládání stresu,"V mnoha situacích (bouřka, návštěva vetky) pomáhá postupné zvykání na zvuky s pozvolným nárůstem hlasitosti a odměňování klidného chování. Vyzkoušej uklidňující vesty proti úzkosti, difuzéry s feromony nebo jemnou hudbu pro zvířata.",Behaviorální péče
Domácí masáž,"Masíruj kočku či psa lehkými tahy v podélném směru srsti, zaměř se na krk, ramena a záda. Pomáhá to uvolnit svalové napětí, zlepšit cirkulaci a posílit vazbu mezi tebou a tvým mazlíčkem. Masáž prováděj v klidném prostředí, pozoruj zpětnou vazbu zvířete.",Relaxace
Dostatek vody,"Mazlíčci často pijí neradi – podávej vodu ve fontánce s cirkulující vodou, která je atraktivnější. V létě přidej kostku ledu nebo mátové lístky pro osvěžení. U starších či nemocných zvířat sleduj denní příjem tekutin a v případě poklesu konzultuj vetku.",Strava
Cestování autem,"Při delších jízd zajisti bezpečnou přepravku nebo postroj s upevněním do pásu. Udržuj v autě příjemnou teplotu (18–22 °C), dělej přestávky na protažení a nech mazlíčka napít. Nikdy nenechávej zvíře v uzavřeném autě na slunci.",Cestování
Varovné signály nemoci,"Změna chuti k jídlu, nadměrné olizování tlapek, letargie nebo časté zvracení mohou indikovat zdravotní problém. Pravidelně kontroluj příjem potravy, váhu i stav kůže; při podezření na onemocnění neváhej vyhledat veterináře.",Prevence
Adaptace štěněte,"První dny doma jsou klíčové: vytvoř rutinu venčení, krmení a odpočinku. Používej pomalu se choulící přepravku jako bezpečný úkryt, postupně zvyšuj dobu separace a odměňuj klidné chování. Sociální kontakt s lidmi i jinými zvířaty rozvíjej pomalu.",Výcvik
